ProjectType,Guid,ComVisible,AssemblyCulture,AssemblyTrademark,AssemblyCopyright,AssemblyProduct,AssemblyCompany,AssemblyConfiguration,AssemblyDescription,AssemblyTitle,Port,RootNamespace,ProjectName,Version,TargetFramework,AssemblyVersion,AssemblyFileVersion
ClassLibrary,687b2aa1-a5bc-4b16-a7b1-e1106ab22d95,False,"",MSBuildLogsExtended,Copyright © NTIER ON TIME TECHNOLOGIES INC. 2016,MSBuildLogsExtended,NTIER ON TIME TECHNOLOGIES INC.,"",MSBuildLogsExtended.AspNetMvc40ApiController,MSBuildLogsExtended.AspNetMvc40ApiController,10799,MSBuildLogsExtended.AspNetMvc40ApiController,MSBuildLogsExtended.AspNetMvc40ApiController,4,Windows,1.0.0.0,1.0.0.0
ClassLibrary,eac3efcd-631d-497e-9ec8-80a8a01636fe,False,"",MSBuildLogsExtended,Copyright © NTIER ON TIME TECHNOLOGIES INC. 2016,MSBuildLogsExtended,NTIER ON TIME TECHNOLOGIES INC.,"",MSBuildLogsExtended.AspNetMvc40Rasor,MSBuildLogsExtended.AspNetMvc40Rasor,10812,MSBuildLogsExtended.AspNetMvc40Rasor,MSBuildLogsExtended.AspNetMvc40Rasor,4,Windows,1.0.0.0,1.0.0.0
ClassLibrary,eeddca5d-28de-466b-93ab-e24cae1bce20,False,"",MSBuildLogsExtended,Copyright © NTIER ON TIME TECHNOLOGIES INC. 2016,MSBuildLogsExtended,NTIER ON TIME TECHNOLOGIES INC.,"",MSBuildLogsExtended.AspNetMvc40ViewModel,MSBuildLogsExtended.AspNetMvc40ViewModel,10799,MSBuildLogsExtended.AspNetMvc40ViewModel,MSBuildLogsExtended.AspNetMvc40ViewModel,4,Windows,1.0.0.0,1.0.0.0
ClassLibrary,9692f6cc-c03b-458d-b2ae-91ea3fc7aef7,False,"",MSBuildLogsExtended,Copyright © NTIER ON TIME TECHNOLOGIES INC. 2016,MSBuildLogsExtended,NTIER ON TIME TECHNOLOGIES INC.,"",MSBuildLogsExtended.AspNetMvc40WebApi,MSBuildLogsExtended.AspNetMvc40WebApi,10812,MSBuildLogsExtended.AspNetMvc40WebApi,MSBuildLogsExtended.AspNetMvc40WebApi,4,Windows,1.0.0.0,1.0.0.0
ClassLibrary,7a3afff6-cfb2-4317-8e85-9c229ba624d2,False,"",MSBuildLogsExtended,Copyright © NTIER ON TIME TECHNOLOGIES INC. 2016,MSBuildLogsExtended,NTIER ON TIME TECHNOLOGIES INC.,"",MSBuildLogsExtended.AspNetMvc50AngularSPA,MSBuildLogsExtended.AspNetMvc50AngularSPA,10812,MSBuildLogsExtended.AspNetMvc50AngularSPA,MSBuildLogsExtended.AspNetMvc50AngularSPA,4,Windows,1.0.0.0,1.0.0.0
ClassLibrary,f2ba1afe-9345-468b-9160-8124f4a4863b,False,"",MSBuildLogsExtended,Copyright © NTIER ON TIME TECHNOLOGIES INC. 2016,MSBuildLogsExtended,NTIER ON TIME TECHNOLOGIES INC.,"",MSBuildLogsExtended.AspNetMvc50ApiController,MSBuildLogsExtended.AspNetMvc50ApiController,10799,MSBuildLogsExtended.AspNetMvc50ApiController,MSBuildLogsExtended.AspNetMvc50ApiController,4,Windows,1.0.0.0,1.0.0.0
ClassLibrary,f05eaefa-f2ce-4030-ae30-2b32cf20dacc,False,"",MSBuildLogsExtended,Copyright © NTIER ON TIME TECHNOLOGIES INC. 2016,MSBuildLogsExtended,NTIER ON TIME TECHNOLOGIES INC.,"",MSBuildLogsExtended.AspNetMvc50Rasor,MSBuildLogsExtended.AspNetMvc50Rasor,10812,MSBuildLogsExtended.AspNetMvc50Rasor,MSBuildLogsExtended.AspNetMvc50Rasor,4,Windows,1.0.0.0,1.0.0.0
ClassLibrary,b8eb84e6-c3a4-4124-a7d9-90e17f4bd52b,False,"",MSBuildLogsExtended,Copyright © NTIER ON TIME TECHNOLOGIES INC. 2016,MSBuildLogsExtended,NTIER ON TIME TECHNOLOGIES INC.,"",MSBuildLogsExtended.AspNetMvc50WebApi2,MSBuildLogsExtended.AspNetMvc50WebApi2,10812,MSBuildLogsExtended.AspNetMvc50WebApi2,MSBuildLogsExtended.AspNetMvc50WebApi2,4,Windows,1.0.0.0,1.0.0.0
ClassLibrary,d7793e56-cf2c-49e0-b400-d9c50d00172d,False,"",MSBuildLogsExtended,Copyright © NTIER ON TIME TECHNOLOGIES INC. 2016,MSBuildLogsExtended,NTIER ON TIME TECHNOLOGIES INC.,"",MSBuildLogsExtended.AspNetMvcAspx,MSBuildLogsExtended.AspNetMvcAspx,10803,MSBuildLogsExtended.AspNetMvcAspx,MSBuildLogsExtended.AspNetMvcAspx,3,Windows,1.0.0.0,1.0.0.0
ClassLibrary,be85e047-4c4c-4d97-9928-5a89f915b523,False,"",MSBuildLogsExtended,Copyright © NTIER ON TIME TECHNOLOGIES INC. 2016,MSBuildLogsExtended,NTIER ON TIME TECHNOLOGIES INC.,"",MSBuildLogsExtended.AspNetMvcController,MSBuildLogsExtended.AspNetMvcController,10799,MSBuildLogsExtended.AspNetMvcController,MSBuildLogsExtended.AspNetMvcController,,Windows,1.0.0.0,1.0.0.0
ClassLibrary,cc88a6ad-f767-4f76-ab64-78dc9231f74f,False,"",MSBuildLogsExtended,Copyright © NTIER ON TIME TECHNOLOGIES INC. 2016,MSBuildLogsExtended,NTIER ON TIME TECHNOLOGIES INC.,"",MSBuildLogsExtended.AspNetMvcRasor,MSBuildLogsExtended.AspNetMvcRasor,10802,MSBuildLogsExtended.AspNetMvcRasor,MSBuildLogsExtended.AspNetMvcRasor,3,Windows,1.0.0.0,1.0.0.0
ClassLibrary,03e43aac-e391-49dd-b354-5b6a881901c3,False,"",MSBuildLogsExtended,Copyright © NTIER ON TIME TECHNOLOGIES INC. 2016,MSBuildLogsExtended,NTIER ON TIME TECHNOLOGIES INC.,"",MSBuildLogsExtended.CommonBLL,MSBuildLogsExtended.CommonBLL,10799,MSBuildLogsExtended.CommonBLL,MSBuildLogsExtended.CommonBLL,,Windows,1.0.0.0,1.0.0.0
ClassLibrary,fa91c302-48db-4453-84f5-ef31635676bd,False,"",MSBuildLogsExtended,Copyright © NTIER ON TIME TECHNOLOGIES INC. 2016,MSBuildLogsExtended,NTIER ON TIME TECHNOLOGIES INC.,"",MSBuildLogsExtended.CommonBLLEntities,MSBuildLogsExtended.CommonBLLEntities,10799,MSBuildLogsExtended.CommonBLLEntities,MSBuildLogsExtended.CommonBLLEntities,,Windows,1.0.0.0,1.0.0.0
ClassLibrary,f9b7b1eb-d164-4912-b9fc-5bb494e3be4a,False,"",MSBuildLogsExtended,Copyright © NTIER ON TIME TECHNOLOGIES INC. 2016,MSBuildLogsExtended,NTIER ON TIME TECHNOLOGIES INC.,"",MSBuildLogsExtended.CommonBLLIoC,MSBuildLogsExtended.CommonBLLIoC,10799,MSBuildLogsExtended.CommonBLLIoC,MSBuildLogsExtended.CommonBLLIoC,,Windows,1.0.0.0,1.0.0.0
ClassLibrary,024a4a51-7264-4a8d-be9a-3a3014e7f810,False,"",MSBuildLogsExtended,Copyright © NTIER ON TIME TECHNOLOGIES INC. 2016,MSBuildLogsExtended,NTIER ON TIME TECHNOLOGIES INC.,"",MSBuildLogsExtended.DALContracts,MSBuildLogsExtended.DALContracts,10799,MSBuildLogsExtended.DALContracts,MSBuildLogsExtended.DALContracts,,Windows,1.0.0.0,1.0.0.0
ClassLibrary,16a64685-4a12-402d-a7f4-47693ba14b0c,False,"",MSBuildLogsExtended,Copyright © NTIER ON TIME TECHNOLOGIES INC. 2016,MSBuildLogsExtended,NTIER ON TIME TECHNOLOGIES INC.,"",MSBuildLogsExtended.DatabaseScripts,MSBuildLogsExtended.DatabaseScripts,10799,MSBuildLogsExtended.DatabaseScripts,MSBuildLogsExtended.DatabaseScripts,,Windows,1.0.0.0,1.0.0.0
ClassLibrary,5c10d5a6-5aee-46b4-8cdb-20e33b657fea,False,"",MSBuildLogsExtended,Copyright © NTIER ON TIME TECHNOLOGIES INC. 2016,MSBuildLogsExtended,NTIER ON TIME TECHNOLOGIES INC.,"",MSBuildLogsExtended.DataSourceEntities,MSBuildLogsExtended.DataSourceEntities,10799,MSBuildLogsExtended.DataSourceEntities,MSBuildLogsExtended.DataSourceEntities,,Windows,1.0.0.0,1.0.0.0
ClassLibrary,7b48c7dc-7319-4ef7-8d52-e87330643ffe,False,"",MSBuildLogsExtended,Copyright © NTIER ON TIME TECHNOLOGIES INC. 2016,MSBuildLogsExtended,NTIER ON TIME TECHNOLOGIES INC.,"",MSBuildLogsExtended.EntityContracts,MSBuildLogsExtended.EntityContracts,10799,MSBuildLogsExtended.EntityContracts,MSBuildLogsExtended.EntityContracts,,Windows,1.0.0.0,1.0.0.0
ClassLibrary,73bdb51b-c88c-410a-9458-1b0286023253,False,"",MSBuildLogsExtended,Copyright © NTIER ON TIME TECHNOLOGIES INC. 2016,MSBuildLogsExtended,NTIER ON TIME TECHNOLOGIES INC.,"",MSBuildLogsExtended.EntityFrameworkContext,MSBuildLogsExtended.EntityFrameworkContext,10799,MSBuildLogsExtended.EntityFrameworkContext,MSBuildLogsExtended.EntityFrameworkContext,,Windows,1.0.0.0,1.0.0.0
ClassLibrary,1be2713c-d86c-4263-80e6-ad602d501040,False,"",MSBuildLogsExtended,Copyright © NTIER ON TIME TECHNOLOGIES INC. 2016,MSBuildLogsExtended,NTIER ON TIME TECHNOLOGIES INC.,"",MSBuildLogsExtended.EntityFrameworkContextV6,MSBuildLogsExtended.EntityFrameworkContextV6,10799,MSBuildLogsExtended.EntityFrameworkContext,MSBuildLogsExtended.EntityFrameworkContextV6,,Windows,1.0.0.0,1.0.0.0
ClassLibrary,3b9f030e-49ca-4cef-83a4-ddd7a4ee4402,False,"",MSBuildLogsExtended,Copyright © NTIER ON TIME TECHNOLOGIES INC. 2016,MSBuildLogsExtended,NTIER ON TIME TECHNOLOGIES INC.,"",MSBuildLogsExtended.EntityFrameworkContextV6CodeFirst,MSBuildLogsExtended.EntityFrameworkContextV6CodeFirst,10799,MSBuildLogsExtended.EntityFrameworkContext,MSBuildLogsExtended.EntityFrameworkContextV6CodeFirst,,Windows,1.0.0.0,1.0.0.0
ClassLibrary,177d12ac-e0d3-4e2e-abf3-52a47cd34eb1,False,"",MSBuildLogsExtended,Copyright © NTIER ON TIME TECHNOLOGIES INC. 2016,MSBuildLogsExtended,NTIER ON TIME TECHNOLOGIES INC.,"",MSBuildLogsExtended.EntityFrameworkDAL,MSBuildLogsExtended.EntityFrameworkDAL,10799,MSBuildLogsExtended.EntityFrameworkDAL,MSBuildLogsExtended.EntityFrameworkDAL,,Windows,1.0.0.0,1.0.0.0
ClassLibrary,e4029460-442a-42c7-899c-9211dfeda4a0,False,"",MSBuildLogsExtended,Copyright © NTIER ON TIME TECHNOLOGIES INC. 2016,MSBuildLogsExtended,NTIER ON TIME TECHNOLOGIES INC.,"",MSBuildLogsExtended.EntityFrameworkDALV6,MSBuildLogsExtended.EntityFrameworkDALV6,10799,MSBuildLogsExtended.EntityFrameworkDAL,MSBuildLogsExtended.EntityFrameworkDALV6,,Windows,1.0.0.0,1.0.0.0
ClassLibrary,a0e3ff8d-2a0f-46ea-9bea-465c015eb67d,False,"",MSBuildLogsExtended,Copyright © NTIER ON TIME TECHNOLOGIES INC. 2016,MSBuildLogsExtended,NTIER ON TIME TECHNOLOGIES INC.,"",MSBuildLogsExtended.EntityFrameworkDALV6CodeFirst,MSBuildLogsExtended.EntityFrameworkDALV6CodeFirst,10799,MSBuildLogsExtended.EntityFrameworkDAL,MSBuildLogsExtended.EntityFrameworkDALV6CodeFirst,,Windows,1.0.0.0,1.0.0.0
ClassLibrary,6d25aa30-c3af-4ae0-b567-0f2653120cdc,False,"",MSBuildLogsExtended,Copyright © NTIER ON TIME TECHNOLOGIES INC. 2016,MSBuildLogsExtended,NTIER ON TIME TECHNOLOGIES INC.,"",Framework,Framework,-1,Framework,Framework,,Windows,1.0.0.0,1.0.0.0
ClassLibrary,51d5f233-02f2-45f7-b4f2-60d18ef3dec5,False,"",MSBuildLogsExtended,Copyright © NTIER ON TIME TECHNOLOGIES INC. 2016,MSBuildLogsExtended,NTIER ON TIME TECHNOLOGIES INC.,"",Framework.Charting,Framework.Charting,-1,Framework.Charting,Framework.Charting,,Windows,1.0.0.0,1.0.0.0
ClassLibrary,ba8c8c0b-470a-4d3c-b3da-9e28599799b5,False,"",MSBuildLogsExtended,Copyright © NTIER ON TIME TECHNOLOGIES INC. 2016,MSBuildLogsExtended,NTIER ON TIME TECHNOLOGIES INC.,"",Framework.CommonBLLEntities,Framework.CommonBLLEntities,-1,Framework.CommonBLLEntities,Framework.CommonBLLEntities,,Windows,1.0.0.0,1.0.0.0
ClassLibrary,525678c4-fdc1-4a5d-9d8a-d7e78309335f,False,"",MSBuildLogsExtended,Copyright © NTIER ON TIME TECHNOLOGIES INC. 2016,MSBuildLogsExtended,NTIER ON TIME TECHNOLOGIES INC.,"",Framework.DAL,Framework.DAL,-1,Framework.DAL,Framework.DAL,,Windows,1.0.0.0,1.0.0.0
ClassLibrary,f85a14d5-64e0-4cfc-88da-27fe9d0dd664,False,"",MSBuildLogsExtended,Copyright © NTIER ON TIME TECHNOLOGIES INC. 2016,MSBuildLogsExtended,NTIER ON TIME TECHNOLOGIES INC.,"",Framework.DataSourceEntities,Framework.DataSourceEntities,-1,Framework.DataSourceEntities,Framework.DataSourceEntities,,Windows,1.0.0.0,1.0.0.0
ClassLibrary,c3a270de-9727-492e-91e2-f56e7e0e0f83,False,"",MSBuildLogsExtended,Copyright © NTIER ON TIME TECHNOLOGIES INC. 2016,MSBuildLogsExtended,NTIER ON TIME TECHNOLOGIES INC.,"",Framework.EntityContracts,Framework.EntityContracts,-1,Framework.EntityContracts,Framework.EntityContracts,,Windows,1.0.0.0,1.0.0.0
ClassLibrary,7d1b22f8-06a2-4d09-a3ad-d93a09a01815,False,"",MSBuildLogsExtended,Copyright © NTIER ON TIME TECHNOLOGIES INC. 2016,MSBuildLogsExtended,NTIER ON TIME TECHNOLOGIES INC.,"",Framework.LinqDAL,Framework.LinqDAL,-1,Framework.LinqDAL,Framework.LinqDAL,,Windows,1.0.0.0,1.0.0.0
ClassLibrary,e45a004f-fbef-445c-9607-fbc89d6d4590,False,"",MSBuildLogsExtended,Copyright © NTIER ON TIME TECHNOLOGIES INC. 2016,MSBuildLogsExtended,NTIER ON TIME TECHNOLOGIES INC.,"",Framework.Mvc,Framework.Mvc,-1,Framework.Mvc,Framework.Mvc,,Windows,1.0.0.0,1.0.0.0
ClassLibrary,c72b898b-b53b-42d5-9f4f-673f84bb485b,False,"",MSBuildLogsExtended,Copyright © NTIER ON TIME TECHNOLOGIES INC. 2016,MSBuildLogsExtended,NTIER ON TIME TECHNOLOGIES INC.,"",Framework.Resources,Framework.Resources,-1,Framework.Resources,Framework.Resources,,Windows,1.0.0.0,1.0.0.0
ClassLibrary,3ef91dc7-12c9-47f3-bb18-ad3d85d1b624,False,"",MSBuildLogsExtended,Copyright © NTIER ON TIME TECHNOLOGIES INC. 2016,MSBuildLogsExtended,NTIER ON TIME TECHNOLOGIES INC.,"",Framework.Services,Framework.Services,-1,Framework.Services,Framework.Services,,Windows,1.0.0.0,1.0.0.0
ClassLibrary,33c271b9-0a43-408a-8c6a-b1a43ed065a7,False,"",MSBuildLogsExtended,Copyright © NTIER ON TIME TECHNOLOGIES INC. 2016,MSBuildLogsExtended,NTIER ON TIME TECHNOLOGIES INC.,"",Framework.TokenAuth,Framework.TokenAuth,-1,Framework.TokenAuth,Framework.TokenAuth,,Windows,1.0.0.0,1.0.0.0
ClassLibrary,3ac70e9c-5e33-44af-8319-2e4f68da86cb,False,"",MSBuildLogsExtended,Copyright © NTIER ON TIME TECHNOLOGIES INC. 2016,MSBuildLogsExtended,NTIER ON TIME TECHNOLOGIES INC.,"",Framework.WcfClient,Framework.WcfClient,-1,Framework.WcfClient,Framework.WcfClient,,Windows,1.0.0.0,1.0.0.0
ClassLibrary,950b9cdb-9286-4a1a-8d88-1df6954a45e3,False,"",MSBuildLogsExtended,Copyright © NTIER ON TIME TECHNOLOGIES INC. 2016,MSBuildLogsExtended,NTIER ON TIME TECHNOLOGIES INC.,"",Framework.Web,Framework.Web,-1,Framework.Web,Framework.Web,,Windows,1.0.0.0,1.0.0.0
ClassLibrary,5937761d-d25b-4c6f-a5e8-fcbfa258bb4a,False,"",MSBuildLogsExtended,Copyright © NTIER ON TIME TECHNOLOGIES INC. 2016,MSBuildLogsExtended,NTIER ON TIME TECHNOLOGIES INC.,"",Framework.WebApp,Framework.WebApp,4321,Framework.WebApp,Framework.WebApp,,Windows,1.0.0.0,1.0.0.0
ClassLibrary,e5302713-0022-4657-85d8-9620818071df,False,"",MSBuildLogsExtended,Copyright © NTIER ON TIME TECHNOLOGIES INC. 2016,MSBuildLogsExtended,NTIER ON TIME TECHNOLOGIES INC.,"",Framework.Xaml,Framework.Xaml,-1,Framework.Xaml,Framework.Xaml,4,Windows,1.0.0.0,1.0.0.0
ClassLibrary,93778bde-f0ae-4342-b0bc-9ef1945d781d,False,"",MSBuildLogsExtended,Copyright © NTIER ON TIME TECHNOLOGIES INC. 2016,MSBuildLogsExtended,NTIER ON TIME TECHNOLOGIES INC.,"",MSBuildLogsExtended.LinqDAL,MSBuildLogsExtended.LinqDAL,10799,MSBuildLogsExtended.LinqDAL,MSBuildLogsExtended.LinqDAL,,Windows,1.0.0.0,1.0.0.0
ClassLibrary,492f32dd-7d8d-4a11-806f-bea35b555d6b,False,"",MSBuildLogsExtended,Copyright © NTIER ON TIME TECHNOLOGIES INC. 2016,MSBuildLogsExtended,NTIER ON TIME TECHNOLOGIES INC.,"",MSBuildLogsExtended.LinqDALNUnitTest,MSBuildLogsExtended.LinqDALNUnitTest,10799,MSBuildLogsExtended.LinqDALNUnitTest,MSBuildLogsExtended.LinqDALNUnitTest,,Windows,1.0.0.0,1.0.0.0
ClassLibrary,2f24a677-d39f-469b-b349-8c8faf8bafdb,False,"",MSBuildLogsExtended,Copyright © NTIER ON TIME TECHNOLOGIES INC. 2016,MSBuildLogsExtended,NTIER ON TIME TECHNOLOGIES INC.,"",MSBuildLogsExtended.LinqToSqlContexts,MSBuildLogsExtended.LinqToSqlContexts,10799,MSBuildLogsExtended.LinqToSqlContexts,MSBuildLogsExtended.LinqToSqlContexts,,Windows,1.0.0.0,1.0.0.0
ClassLibrary,39ae94cc-5095-4bd5-bd00-6b095a78c2fc,False,"",MSBuildLogsExtended,Copyright © NTIER ON TIME TECHNOLOGIES INC. 2016,MSBuildLogsExtended,NTIER ON TIME TECHNOLOGIES INC.,"",MSBuildLogsExtended.SL5App,MSBuildLogsExtended.SL5App,10799,MSBuildLogsExtended.SL5App,MSBuildLogsExtended.SL5App,5,Silverlight,1.0.0.0,1.0.0.0
ClassLibrary,d85c04cf-c66e-4cca-bcdb-2e40efdb7184,False,"",MSBuildLogsExtended,Copyright © NTIER ON TIME TECHNOLOGIES INC. 2016,MSBuildLogsExtended,NTIER ON TIME TECHNOLOGIES INC.,"",MSBuildLogsExtended.ViewModels,MSBuildLogsExtended.ViewModels,10799,MSBuildLogsExtended.ViewModels,MSBuildLogsExtended.ViewModels,4,Windows,1.0.0.0,1.0.0.0
ClassLibrary,188a5615-61e0-4834-9b34-99a73b06c64c,False,"",MSBuildLogsExtended,Copyright © NTIER ON TIME TECHNOLOGIES INC. 2016,MSBuildLogsExtended,NTIER ON TIME TECHNOLOGIES INC.,"",MSBuildLogsExtended.WinStoreApp,MSBuildLogsExtended.WinStoreApp,10799,MSBuildLogsExtended.WinStoreApp,MSBuildLogsExtended.WinStoreApp,8,WinRT,1.0.0.0,1.0.0.0
ClassLibrary,2772e305-c636-45a3-bd39-f69bb6a2b99e,False,"",MSBuildLogsExtended,Copyright © NTIER ON TIME TECHNOLOGIES INC. 2016,MSBuildLogsExtended,NTIER ON TIME TECHNOLOGIES INC.,"",MSBuildLogsExtended.WP71App,MSBuildLogsExtended.WP71App,10799,MSBuildLogsExtended.WP71App,MSBuildLogsExtended.WP71App,71,WindowsPhone,1.0.0.0,1.0.0.0
ClassLibrary,ebc95e32-1217-4de4-9c7f-9d3408943ea0,False,"",MSBuildLogsExtended,Copyright © NTIER ON TIME TECHNOLOGIES INC. 2016,MSBuildLogsExtended,NTIER ON TIME TECHNOLOGIES INC.,"",MSBuildLogsExtended.WPF4App,MSBuildLogsExtended.WPF4App,10799,MSBuildLogsExtended.WPF4App,MSBuildLogsExtended.WPF4App,4,Windows,1.0.0.0,1.0.0.0
ClassLibrary,9dd08f03-4384-4b7c-91c7-d6abf393707c,False,"",MSBuildLogsExtended,Copyright © NTIER ON TIME TECHNOLOGIES INC. 2016,MSBuildLogsExtended,NTIER ON TIME TECHNOLOGIES INC.,"",MSBuildLogsExtended.Resources,MSBuildLogsExtended.Resources,10799,MSBuildLogsExtended.Resources,MSBuildLogsExtended.Resources,,Windows,1.0.0.0,1.0.0.0
SqlDatabaseProject,32d537d6-689c-4987-8abf-1b5a3686d470,False,"",MSBuildLogsExtended,Copyright © NTIER ON TIME TECHNOLOGIES INC. 2016,MSBuildLogsExtended,NTIER ON TIME TECHNOLOGIES INC.,"",MSBuildLogsExtended.VS2012DatabaseProject,MSBuildLogsExtended.VS2012DatabaseProject,10799,MSBuildLogsExtended.VS2012DatabaseProject,MSBuildLogsExtended.VS2012DatabaseProject,,Windows,1.0.0.0,1.0.0.0
ClassLibrary,99eb69b1-4743-4afa-b2b6-c9cfaf53d16d,False,"",MSBuildLogsExtended,Copyright © NTIER ON TIME TECHNOLOGIES INC. 2016,MSBuildLogsExtended,NTIER ON TIME TECHNOLOGIES INC.,"",MSBuildLogsExtended.WcfClientBLL,MSBuildLogsExtended.WcfClientBLL,10799,MSBuildLogsExtended.WcfClientBLL,MSBuildLogsExtended.WcfClientBLL,,Windows,1.0.0.0,1.0.0.0
ClassLibrary,1f26be38-3d6f-4c3f-9afb-eb7e60cc969e,False,"",MSBuildLogsExtended,Copyright © NTIER ON TIME TECHNOLOGIES INC. 2016,MSBuildLogsExtended,NTIER ON TIME TECHNOLOGIES INC.,"",MSBuildLogsExtended.WcfClientUnitTests,MSBuildLogsExtended.WcfClientUnitTests,10799,MSBuildLogsExtended.WcfClientUnitTests,MSBuildLogsExtended.WcfClientUnitTests,,Windows,1.0.0.0,1.0.0.0
ClassLibrary,0251aceb-e100-4737-8a54-2b986ea91929,False,"",MSBuildLogsExtended,Copyright © NTIER ON TIME TECHNOLOGIES INC. 2016,MSBuildLogsExtended,NTIER ON TIME TECHNOLOGIES INC.,"",MSBuildLogsExtended.WcfContracts,MSBuildLogsExtended.WcfContracts,10799,MSBuildLogsExtended.WcfContracts,MSBuildLogsExtended.WcfContracts,,Windows,1.0.0.0,1.0.0.0
ClassLibrary,c7445dfa-86a8-44f2-b3c0-aac4120cdc7b,False,"",MSBuildLogsExtended,Copyright © NTIER ON TIME TECHNOLOGIES INC. 2016,MSBuildLogsExtended,NTIER ON TIME TECHNOLOGIES INC.,"",MSBuildLogsExtended.WcfWebApp,MSBuildLogsExtended.WcfWebApp,10805,MSBuildLogsExtended.WcfWebApp,MSBuildLogsExtended.WcfWebApp,,Windows,1.0.0.0,1.0.0.0
ClassLibrary,4b8a3ce0-2f2f-4ad8-9f3e-11b37f96db4b,False,"",MSBuildLogsExtended,Copyright © NTIER ON TIME TECHNOLOGIES INC. 2016,MSBuildLogsExtended,NTIER ON TIME TECHNOLOGIES INC.,"",MSBuildLogsExtended.WebFormApp,MSBuildLogsExtended.WebFormApp,10804,MSBuildLogsExtended.WebFormApp,MSBuildLogsExtended.WebFormApp,4,Windows,1.0.0.0,1.0.0.0
ClassLibrary,0491494c-55f9-4fe1-8ac9-95c1e8c1cf5c,False,"",MSBuildLogsExtended,Copyright © NTIER ON TIME TECHNOLOGIES INC. 2016,MSBuildLogsExtended,NTIER ON TIME TECHNOLOGIES INC.,"",MSBuildLogsExtended.CommonBLLEntities,MSBuildLogsExtended.CommonBLLEntities.WP,10899,MSBuildLogsExtended.CommonBLLEntities,MSBuildLogsExtended.CommonBLLEntities.WP,WindowsPhone,WindowsPhone,1.0.0.0,1.0.0.0
ClassLibrary,f42350b3-3cf9-48e5-bc74-defcd16df6b4,False,"",MSBuildLogsExtended,Copyright © NTIER ON TIME TECHNOLOGIES INC. 2016,MSBuildLogsExtended,NTIER ON TIME TECHNOLOGIES INC.,"",MSBuildLogsExtended.CommonBLLIoC,MSBuildLogsExtended.CommonBLLIoC.WP,10899,MSBuildLogsExtended.CommonBLLIoC,MSBuildLogsExtended.CommonBLLIoC.WP,WindowsPhone,WindowsPhone,1.0.0.0,1.0.0.0
ClassLibrary,74d6b517-79f2-4b79-b5d3-c48a77a68448,False,"",MSBuildLogsExtended,Copyright © NTIER ON TIME TECHNOLOGIES INC. 2016,MSBuildLogsExtended,NTIER ON TIME TECHNOLOGIES INC.,"",MSBuildLogsExtended.DataSourceEntities,MSBuildLogsExtended.DataSourceEntities.WP,10899,MSBuildLogsExtended.DataSourceEntities,MSBuildLogsExtended.DataSourceEntities.WP,WindowsPhone,WindowsPhone,1.0.0.0,1.0.0.0
ClassLibrary,9d7da28d-a224-4289-a5b0-898d33395941,False,"",MSBuildLogsExtended,Copyright © NTIER ON TIME TECHNOLOGIES INC. 2016,MSBuildLogsExtended,NTIER ON TIME TECHNOLOGIES INC.,"",MSBuildLogsExtended.EntityContracts,MSBuildLogsExtended.EntityContracts.WP,10899,MSBuildLogsExtended.EntityContracts,MSBuildLogsExtended.EntityContracts.WP,WindowsPhone,WindowsPhone,1.0.0.0,1.0.0.0
ClassLibrary,e3411487-ae0b-42ec-b633-0ce55b655b6f,False,"",MSBuildLogsExtended,Copyright © NTIER ON TIME TECHNOLOGIES INC. 2016,MSBuildLogsExtended,NTIER ON TIME TECHNOLOGIES INC.,"",Framework,Framework.WP,99,Framework,Framework.WP,WindowsPhone,WindowsPhone,1.0.0.0,1.0.0.0
ClassLibrary,3504dc4a-93b1-4981-945f-c9e23601a2b0,False,"",MSBuildLogsExtended,Copyright © NTIER ON TIME TECHNOLOGIES INC. 2016,MSBuildLogsExtended,NTIER ON TIME TECHNOLOGIES INC.,"",Framework.CommonBLLEntities,Framework.CommonBLLEntities.WP,99,Framework.CommonBLLEntities,Framework.CommonBLLEntities.WP,WindowsPhone,WindowsPhone,1.0.0.0,1.0.0.0
ClassLibrary,68cd2a0b-a6f5-4169-bfc1-8f2cc1f00563,False,"",MSBuildLogsExtended,Copyright © NTIER ON TIME TECHNOLOGIES INC. 2016,MSBuildLogsExtended,NTIER ON TIME TECHNOLOGIES INC.,"",Framework.DataSourceEntities,Framework.DataSourceEntities.WP,99,Framework.DataSourceEntities,Framework.DataSourceEntities.WP,WindowsPhone,WindowsPhone,1.0.0.0,1.0.0.0
ClassLibrary,defc6fe0-80a8-43cb-9e06-754660e7b7b1,False,"",MSBuildLogsExtended,Copyright © NTIER ON TIME TECHNOLOGIES INC. 2016,MSBuildLogsExtended,NTIER ON TIME TECHNOLOGIES INC.,"",Framework.EntityContracts,Framework.EntityContracts.WP,99,Framework.EntityContracts,Framework.EntityContracts.WP,WindowsPhone,WindowsPhone,1.0.0.0,1.0.0.0
ClassLibrary,b4c6e537-e92e-4725-bebc-bb705efde4b8,False,"",MSBuildLogsExtended,Copyright © NTIER ON TIME TECHNOLOGIES INC. 2016,MSBuildLogsExtended,NTIER ON TIME TECHNOLOGIES INC.,"",Framework.Resources,Framework.Resources.WP,99,Framework.Resources,Framework.Resources.WP,WindowsPhone,WindowsPhone,1.0.0.0,1.0.0.0
ClassLibrary,40997d17-ea58-4beb-b55f-ff2b42a669be,False,"",MSBuildLogsExtended,Copyright © NTIER ON TIME TECHNOLOGIES INC. 2016,MSBuildLogsExtended,NTIER ON TIME TECHNOLOGIES INC.,"",Framework.WcfClient,Framework.WcfClient.WP,99,Framework.WcfClient,Framework.WcfClient.WP,WindowsPhone,WindowsPhone,1.0.0.0,1.0.0.0
ClassLibrary,743e5ebd-cb8b-438a-b30b-fcd5486f1b8e,False,"",MSBuildLogsExtended,Copyright © NTIER ON TIME TECHNOLOGIES INC. 2016,MSBuildLogsExtended,NTIER ON TIME TECHNOLOGIES INC.,"",Framework.Xaml,Framework.Xaml.WP,99,Framework.Xaml,Framework.Xaml.WP,WindowsPhone,WindowsPhone,1.0.0.0,1.0.0.0
ClassLibrary,75ba2291-fd78-4b29-99be-8b59522b302e,False,"",MSBuildLogsExtended,Copyright © NTIER ON TIME TECHNOLOGIES INC. 2016,MSBuildLogsExtended,NTIER ON TIME TECHNOLOGIES INC.,"",MSBuildLogsExtended.ViewModels,MSBuildLogsExtended.ViewModels.WP,10899,MSBuildLogsExtended.ViewModels,MSBuildLogsExtended.ViewModels.WP,WindowsPhone,WindowsPhone,1.0.0.0,1.0.0.0
ClassLibrary,7af973b8-ca59-49c0-b8d6-794548912206,False,"",MSBuildLogsExtended,Copyright © NTIER ON TIME TECHNOLOGIES INC. 2016,MSBuildLogsExtended,NTIER ON TIME TECHNOLOGIES INC.,"",MSBuildLogsExtended.Resources,MSBuildLogsExtended.Resources.WP,10899,MSBuildLogsExtended.Resources,MSBuildLogsExtended.Resources.WP,WindowsPhone,WindowsPhone,1.0.0.0,1.0.0.0
ClassLibrary,6585474a-1ece-46bf-9682-711a277afb4e,False,"",MSBuildLogsExtended,Copyright © NTIER ON TIME TECHNOLOGIES INC. 2016,MSBuildLogsExtended,NTIER ON TIME TECHNOLOGIES INC.,"",MSBuildLogsExtended.WcfClientBLL,MSBuildLogsExtended.WcfClientBLL.WP,10899,MSBuildLogsExtended.WcfClientBLL,MSBuildLogsExtended.WcfClientBLL.WP,WindowsPhone,WindowsPhone,1.0.0.0,1.0.0.0
ClassLibrary,2cc58ef9-c17a-4a35-ae6f-d370888d237d,False,"",MSBuildLogsExtended,Copyright © NTIER ON TIME TECHNOLOGIES INC. 2016,MSBuildLogsExtended,NTIER ON TIME TECHNOLOGIES INC.,"",MSBuildLogsExtended.WcfContracts,MSBuildLogsExtended.WcfContracts.WP,10899,MSBuildLogsExtended.WcfContracts,MSBuildLogsExtended.WcfContracts.WP,WindowsPhone,WindowsPhone,1.0.0.0,1.0.0.0
ClassLibrary,543ecff6-5709-45ea-9227-033a6f4f8991,False,"",MSBuildLogsExtended,Copyright © NTIER ON TIME TECHNOLOGIES INC. 2016,MSBuildLogsExtended,NTIER ON TIME TECHNOLOGIES INC.,"",MSBuildLogsExtended.CommonBLLEntities,MSBuildLogsExtended.CommonBLLEntities.SL,10899,MSBuildLogsExtended.CommonBLLEntities,MSBuildLogsExtended.CommonBLLEntities.SL,Silverlight,Silverlight,1.0.0.0,1.0.0.0
ClassLibrary,14f279e0-c6c0-43cf-80e9-d717a23fea0c,False,"",MSBuildLogsExtended,Copyright © NTIER ON TIME TECHNOLOGIES INC. 2016,MSBuildLogsExtended,NTIER ON TIME TECHNOLOGIES INC.,"",MSBuildLogsExtended.CommonBLLIoC,MSBuildLogsExtended.CommonBLLIoC.SL,10899,MSBuildLogsExtended.CommonBLLIoC,MSBuildLogsExtended.CommonBLLIoC.SL,Silverlight,Silverlight,1.0.0.0,1.0.0.0
ClassLibrary,ec87b027-eae5-4b7b-9141-964b8099fbec,False,"",MSBuildLogsExtended,Copyright © NTIER ON TIME TECHNOLOGIES INC. 2016,MSBuildLogsExtended,NTIER ON TIME TECHNOLOGIES INC.,"",MSBuildLogsExtended.DataSourceEntities,MSBuildLogsExtended.DataSourceEntities.SL,10899,MSBuildLogsExtended.DataSourceEntities,MSBuildLogsExtended.DataSourceEntities.SL,Silverlight,Silverlight,1.0.0.0,1.0.0.0
ClassLibrary,4f943654-ea93-4182-8c82-efe8e2adfa2a,False,"",MSBuildLogsExtended,Copyright © NTIER ON TIME TECHNOLOGIES INC. 2016,MSBuildLogsExtended,NTIER ON TIME TECHNOLOGIES INC.,"",MSBuildLogsExtended.EntityContracts,MSBuildLogsExtended.EntityContracts.SL,10899,MSBuildLogsExtended.EntityContracts,MSBuildLogsExtended.EntityContracts.SL,Silverlight,Silverlight,1.0.0.0,1.0.0.0
ClassLibrary,01c5673e-e52b-4558-a53b-443a546bb836,False,"",MSBuildLogsExtended,Copyright © NTIER ON TIME TECHNOLOGIES INC. 2016,MSBuildLogsExtended,NTIER ON TIME TECHNOLOGIES INC.,"",Framework,Framework.SL,99,Framework,Framework.SL,Silverlight,Silverlight,1.0.0.0,1.0.0.0
ClassLibrary,64477e04-202b-4f36-8e4b-b8cc8e9b9a65,False,"",MSBuildLogsExtended,Copyright © NTIER ON TIME TECHNOLOGIES INC. 2016,MSBuildLogsExtended,NTIER ON TIME TECHNOLOGIES INC.,"",Framework.CommonBLLEntities,Framework.CommonBLLEntities.SL,99,Framework.CommonBLLEntities,Framework.CommonBLLEntities.SL,Silverlight,Silverlight,1.0.0.0,1.0.0.0
ClassLibrary,e5cc1da1-b94d-4584-aa2a-6f93b95340fe,False,"",MSBuildLogsExtended,Copyright © NTIER ON TIME TECHNOLOGIES INC. 2016,MSBuildLogsExtended,NTIER ON TIME TECHNOLOGIES INC.,"",Framework.DataSourceEntities,Framework.DataSourceEntities.SL,99,Framework.DataSourceEntities,Framework.DataSourceEntities.SL,Silverlight,Silverlight,1.0.0.0,1.0.0.0
ClassLibrary,1805dab2-a46d-4b94-b4a4-7a7c620d392a,False,"",MSBuildLogsExtended,Copyright © NTIER ON TIME TECHNOLOGIES INC. 2016,MSBuildLogsExtended,NTIER ON TIME TECHNOLOGIES INC.,"",Framework.EntityContracts,Framework.EntityContracts.SL,99,Framework.EntityContracts,Framework.EntityContracts.SL,Silverlight,Silverlight,1.0.0.0,1.0.0.0
ClassLibrary,cb2a163c-bd5b-4e29-b8fa-419061674569,False,"",MSBuildLogsExtended,Copyright © NTIER ON TIME TECHNOLOGIES INC. 2016,MSBuildLogsExtended,NTIER ON TIME TECHNOLOGIES INC.,"",Framework.Resources,Framework.Resources.SL,99,Framework.Resources,Framework.Resources.SL,Silverlight,Silverlight,1.0.0.0,1.0.0.0
ClassLibrary,25ef069b-d580-4067-8074-633dbcabbd73,False,"",MSBuildLogsExtended,Copyright © NTIER ON TIME TECHNOLOGIES INC. 2016,MSBuildLogsExtended,NTIER ON TIME TECHNOLOGIES INC.,"",Framework.WcfClient,Framework.WcfClient.SL,99,Framework.WcfClient,Framework.WcfClient.SL,Silverlight,Silverlight,1.0.0.0,1.0.0.0
ClassLibrary,0dc4b211-5077-4fcf-a43d-1a37d12e0d8a,False,"",MSBuildLogsExtended,Copyright © NTIER ON TIME TECHNOLOGIES INC. 2016,MSBuildLogsExtended,NTIER ON TIME TECHNOLOGIES INC.,"",Framework.Xaml,Framework.Xaml.SL,99,Framework.Xaml,Framework.Xaml.SL,Silverlight,Silverlight,1.0.0.0,1.0.0.0
ClassLibrary,e69e4c29-71e0-4728-9a14-3263bc4ada75,False,"",MSBuildLogsExtended,Copyright © NTIER ON TIME TECHNOLOGIES INC. 2016,MSBuildLogsExtended,NTIER ON TIME TECHNOLOGIES INC.,"",MSBuildLogsExtended.ViewModels,MSBuildLogsExtended.ViewModels.SL,10899,MSBuildLogsExtended.ViewModels,MSBuildLogsExtended.ViewModels.SL,Silverlight,Silverlight,1.0.0.0,1.0.0.0
ClassLibrary,6ea46795-f8aa-429d-a876-e41caced3452,False,"",MSBuildLogsExtended,Copyright © NTIER ON TIME TECHNOLOGIES INC. 2016,MSBuildLogsExtended,NTIER ON TIME TECHNOLOGIES INC.,"",MSBuildLogsExtended.Resources,MSBuildLogsExtended.Resources.SL,10899,MSBuildLogsExtended.Resources,MSBuildLogsExtended.Resources.SL,Silverlight,Silverlight,1.0.0.0,1.0.0.0
ClassLibrary,9b40ce50-67fa-4019-a3c1-6a66edc7168d,False,"",MSBuildLogsExtended,Copyright © NTIER ON TIME TECHNOLOGIES INC. 2016,MSBuildLogsExtended,NTIER ON TIME TECHNOLOGIES INC.,"",MSBuildLogsExtended.WcfClientBLL,MSBuildLogsExtended.WcfClientBLL.SL,10899,MSBuildLogsExtended.WcfClientBLL,MSBuildLogsExtended.WcfClientBLL.SL,Silverlight,Silverlight,1.0.0.0,1.0.0.0
ClassLibrary,37e0d2a6-6782-4ae2-bcb4-b6aa180c7ee4,False,"",MSBuildLogsExtended,Copyright © NTIER ON TIME TECHNOLOGIES INC. 2016,MSBuildLogsExtended,NTIER ON TIME TECHNOLOGIES INC.,"",MSBuildLogsExtended.WcfContracts,MSBuildLogsExtended.WcfContracts.SL,10899,MSBuildLogsExtended.WcfContracts,MSBuildLogsExtended.WcfContracts.SL,Silverlight,Silverlight,1.0.0.0,1.0.0.0
ClassLibrary,5ee87ca9-dadc-4567-baf5-845d1a728575,False,"",MSBuildLogsExtended,Copyright © NTIER ON TIME TECHNOLOGIES INC. 2016,MSBuildLogsExtended,NTIER ON TIME TECHNOLOGIES INC.,"",MSBuildLogsExtended.CommonBLLEntities,MSBuildLogsExtended.CommonBLLEntities.WinRT,10899,MSBuildLogsExtended.CommonBLLEntities,MSBuildLogsExtended.CommonBLLEntities.WinRT,WinRT,WinRT,1.0.0.0,1.0.0.0
ClassLibrary,325b6396-ad04-4d65-bc12-bc91034dc576,False,"",MSBuildLogsExtended,Copyright © NTIER ON TIME TECHNOLOGIES INC. 2016,MSBuildLogsExtended,NTIER ON TIME TECHNOLOGIES INC.,"",MSBuildLogsExtended.CommonBLLIoC,MSBuildLogsExtended.CommonBLLIoC.WinRT,10899,MSBuildLogsExtended.CommonBLLIoC,MSBuildLogsExtended.CommonBLLIoC.WinRT,WinRT,WinRT,1.0.0.0,1.0.0.0
ClassLibrary,95bdc65f-240b-44a5-9508-b55ca6a618ab,False,"",MSBuildLogsExtended,Copyright © NTIER ON TIME TECHNOLOGIES INC. 2016,MSBuildLogsExtended,NTIER ON TIME TECHNOLOGIES INC.,"",MSBuildLogsExtended.DataSourceEntities,MSBuildLogsExtended.DataSourceEntities.WinRT,10899,MSBuildLogsExtended.DataSourceEntities,MSBuildLogsExtended.DataSourceEntities.WinRT,WinRT,WinRT,1.0.0.0,1.0.0.0
ClassLibrary,553c346f-c972-4f67-8780-f9a81246e7b3,False,"",MSBuildLogsExtended,Copyright © NTIER ON TIME TECHNOLOGIES INC. 2016,MSBuildLogsExtended,NTIER ON TIME TECHNOLOGIES INC.,"",MSBuildLogsExtended.EntityContracts,MSBuildLogsExtended.EntityContracts.WinRT,10899,MSBuildLogsExtended.EntityContracts,MSBuildLogsExtended.EntityContracts.WinRT,WinRT,WinRT,1.0.0.0,1.0.0.0
ClassLibrary,ad72a6ba-3086-4d89-8771-f73b2ead01e8,False,"",MSBuildLogsExtended,Copyright © NTIER ON TIME TECHNOLOGIES INC. 2016,MSBuildLogsExtended,NTIER ON TIME TECHNOLOGIES INC.,"",Framework,Framework.WinRT,99,Framework,Framework.WinRT,WinRT,WinRT,1.0.0.0,1.0.0.0
ClassLibrary,06310b8e-13ed-47dd-80be-708c96f13ef9,False,"",MSBuildLogsExtended,Copyright © NTIER ON TIME TECHNOLOGIES INC. 2016,MSBuildLogsExtended,NTIER ON TIME TECHNOLOGIES INC.,"",Framework.CommonBLLEntities,Framework.CommonBLLEntities.WinRT,99,Framework.CommonBLLEntities,Framework.CommonBLLEntities.WinRT,WinRT,WinRT,1.0.0.0,1.0.0.0
ClassLibrary,ed273be8-f9ce-469d-b4da-93b5121dab7b,False,"",MSBuildLogsExtended,Copyright © NTIER ON TIME TECHNOLOGIES INC. 2016,MSBuildLogsExtended,NTIER ON TIME TECHNOLOGIES INC.,"",Framework.DataSourceEntities,Framework.DataSourceEntities.WinRT,99,Framework.DataSourceEntities,Framework.DataSourceEntities.WinRT,WinRT,WinRT,1.0.0.0,1.0.0.0
ClassLibrary,93c560ad-dc3e-44b4-ac29-8321a81f13e0,False,"",MSBuildLogsExtended,Copyright © NTIER ON TIME TECHNOLOGIES INC. 2016,MSBuildLogsExtended,NTIER ON TIME TECHNOLOGIES INC.,"",Framework.EntityContracts,Framework.EntityContracts.WinRT,99,Framework.EntityContracts,Framework.EntityContracts.WinRT,WinRT,WinRT,1.0.0.0,1.0.0.0
ClassLibrary,8e903d47-2ba7-4cd3-8a1e-2b2e6b8ba87d,False,"",MSBuildLogsExtended,Copyright © NTIER ON TIME TECHNOLOGIES INC. 2016,MSBuildLogsExtended,NTIER ON TIME TECHNOLOGIES INC.,"",Framework.Resources,Framework.Resources.WinRT,99,Framework.Resources,Framework.Resources.WinRT,WinRT,WinRT,1.0.0.0,1.0.0.0
ClassLibrary,3e16aedf-328f-40cc-b811-f0a4be6a0f9f,False,"",MSBuildLogsExtended,Copyright © NTIER ON TIME TECHNOLOGIES INC. 2016,MSBuildLogsExtended,NTIER ON TIME TECHNOLOGIES INC.,"",Framework.WcfClient,Framework.WcfClient.WinRT,99,Framework.WcfClient,Framework.WcfClient.WinRT,WinRT,WinRT,1.0.0.0,1.0.0.0
ClassLibrary,b75282d4-bbb3-4da5-823c-0dde662d4745,False,"",MSBuildLogsExtended,Copyright © NTIER ON TIME TECHNOLOGIES INC. 2016,MSBuildLogsExtended,NTIER ON TIME TECHNOLOGIES INC.,"",Framework.Xaml,Framework.Xaml.WinRT,99,Framework.Xaml,Framework.Xaml.WinRT,WinRT,WinRT,1.0.0.0,1.0.0.0
ClassLibrary,9d6bdea8-c0cc-4d1c-8949-a28fd44e1760,False,"",MSBuildLogsExtended,Copyright © NTIER ON TIME TECHNOLOGIES INC. 2016,MSBuildLogsExtended,NTIER ON TIME TECHNOLOGIES INC.,"",MSBuildLogsExtended.ViewModels,MSBuildLogsExtended.ViewModels.WinRT,10899,MSBuildLogsExtended.ViewModels,MSBuildLogsExtended.ViewModels.WinRT,WinRT,WinRT,1.0.0.0,1.0.0.0
ClassLibrary,759ffe60-1c80-4a07-8828-8d9e66eb333f,False,"",MSBuildLogsExtended,Copyright © NTIER ON TIME TECHNOLOGIES INC. 2016,MSBuildLogsExtended,NTIER ON TIME TECHNOLOGIES INC.,"",MSBuildLogsExtended.Resources,MSBuildLogsExtended.Resources.WinRT,10899,MSBuildLogsExtended.Resources,MSBuildLogsExtended.Resources.WinRT,WinRT,WinRT,1.0.0.0,1.0.0.0
ClassLibrary,bff50365-6180-4c7b-8e0c-7935e7f571aa,False,"",MSBuildLogsExtended,Copyright © NTIER ON TIME TECHNOLOGIES INC. 2016,MSBuildLogsExtended,NTIER ON TIME TECHNOLOGIES INC.,"",MSBuildLogsExtended.WcfClientBLL,MSBuildLogsExtended.WcfClientBLL.WinRT,10899,MSBuildLogsExtended.WcfClientBLL,MSBuildLogsExtended.WcfClientBLL.WinRT,WinRT,WinRT,1.0.0.0,1.0.0.0
ClassLibrary,b8a578c5-d5c8-4f75-ac11-bbd6ae02065b,False,"",MSBuildLogsExtended,Copyright © NTIER ON TIME TECHNOLOGIES INC. 2016,MSBuildLogsExtended,NTIER ON TIME TECHNOLOGIES INC.,"",MSBuildLogsExtended.WcfContracts,MSBuildLogsExtended.WcfContracts.WinRT,10899,MSBuildLogsExtended.WcfContracts,MSBuildLogsExtended.WcfContracts.WinRT,WinRT,WinRT,1.0.0.0,1.0.0.0
